n_estimators,max_depth,learning_rate,accuracy,f1_score
30,3,0.1,0.95,0.8888888888888888
20,5,0.1,0.95,0.8888888888888888
30,5,0.1,0.9,0.8
30,3,0.05,0.9,0.75
20,3,0.1,0.9,0.75
10,5,0.1,0.9,0.75
10,3,0.1,0.9,0.75
30,5,0.05,0.9,0.75
20,5,0.05,0.9,0.75
20,3,0.05,0.9,0.75
10,5,0.01,0.8,0.0
10,5,0.05,0.8,0.0
10,3,0.05,0.8,0.0
30,5,0.01,0.8,0.0
30,3,0.01,0.8,0.0
20,5,0.01,0.8,0.0
20,3,0.01,0.8,0.0
10,3,0.01,0.8,0.0
