n_estimators,max_depth,learning_rate,accuracy,f1_score
20,5,0.05,1.0,1.0
30,3,0.05,1.0,1.0
30,3,0.1,1.0,1.0
20,5,0.1,1.0,1.0
20,3,0.1,1.0,1.0
10,5,0.1,1.0,1.0
10,3,0.1,1.0,1.0
30,5,0.05,1.0,1.0
30,5,0.1,1.0,1.0
20,3,0.05,1.0,1.0
10,5,0.05,1.0,1.0
10,3,0.05,1.0,1.0
30,5,0.01,1.0,1.0
30,3,0.01,1.0,1.0
20,5,0.01,1.0,1.0
20,3,0.01,1.0,1.0
10,5,0.01,0.4583333333333333,0.0
10,3,0.01,0.4583333333333333,0.0
