n_estimators,max_depth,learning_rate,accuracy,f1_score
10,3,0.01,0.5625,0.0
10,5,0.01,0.5625,0.0
20,3,0.01,0.85625,0.8034188034188035
20,5,0.01,0.91875,0.8976377952755905
30,3,0.01,0.90625,0.88
30,5,0.01,0.96875,0.9629629629629629
10,3,0.05,0.9375,0.9230769230769231
10,5,0.05,0.98125,0.9781021897810219
20,3,0.05,1.0,1.0
20,5,0.05,1.0,1.0
30,3,0.05,1.0,1.0
30,5,0.05,1.0,1.0
10,3,0.1,1.0,1.0
10,5,0.1,1.0,1.0
20,3,0.1,1.0,1.0
20,5,0.1,1.0,1.0
30,3,0.1,1.0,1.0
30,5,0.1,1.0,1.0
