n_estimators,max_depth,learning_rate,accuracy,f1_score
10,5,0.01,0.86,0.851063829787234
10,3,0.01,0.82,0.8
10,5,0.05,0.82,0.8
30,3,0.1,0.82,0.8
20,3,0.1,0.82,0.8
10,5,0.1,0.82,0.8
30,3,0.05,0.82,0.8
20,5,0.05,0.82,0.8
10,3,0.05,0.82,0.8
30,5,0.01,0.82,0.8
30,3,0.01,0.82,0.8
20,5,0.01,0.82,0.8
20,3,0.01,0.82,0.8
20,3,0.05,0.8,0.782608695652174
10,3,0.1,0.8,0.782608695652174
30,5,0.05,0.8,0.7727272727272727
20,5,0.1,0.8,0.7727272727272727
30,5,0.1,0.8,0.7727272727272727
