lr,epochs,accuracy,f1_score
0.01,300.0,0.9895833333333334,0.9879518072289156
0.05,300.0,0.9895833333333334,0.9876543209876543
0.01,200.0,0.9479166666666666,0.9367088607594937
0.05,200.0,0.90625,0.8767123287671232
0.05,100.0,0.8229166666666666,0.7384615384615385
0.01,100.0,0.8020833333333334,0.6984126984126984
0.001,200.0,0.7083333333333334,0.65
0.001,300.0,0.7083333333333334,0.65
0.001,100.0,0.6666666666666666,0.5789473684210527
