lr,epochs,accuracy,f1_score
0.001,300.0,0.7567567567567568,0.8125
0.05,200.0,0.7432432432432432,0.8080808080808081
0.05,300.0,0.7432432432432432,0.8080808080808081
0.01,300.0,0.7567567567567568,0.7954545454545454
0.01,200.0,0.7297297297297297,0.7777777777777778
0.01,100.0,0.6621621621621622,0.7747747747747747
0.001,200.0,0.6891891891891891,0.7722772277227723
0.05,100.0,0.6621621621621622,0.7706422018348624
0.001,100.0,0.6351351351351351,0.7216494845360825
