lr,epochs,accuracy,f1_score
0.01,300.0,0.8064516129032258,0.625
0.001,100.0,0.6935483870967742,0.5128205128205128
0.001,300.0,0.7741935483870968,0.5
0.01,200.0,0.7580645161290323,0.4
0.001,200.0,0.7096774193548387,0.35714285714285715
0.05,100.0,0.7258064516129032,0.32
0.05,200.0,0.7258064516129032,0.32
0.05,300.0,0.7258064516129032,0.32
0.01,100.0,0.7419354838709677,0.2
