lr,epochs,accuracy,f1_score
0.05,200.0,0.8243243243243243,0.7936507936507936
0.05,300.0,0.8243243243243243,0.7936507936507936
0.05,100.0,0.7972972972972973,0.7619047619047619
0.01,200.0,0.7702702702702703,0.7384615384615385
0.01,300.0,0.7702702702702703,0.7384615384615385
0.01,100.0,0.7162162162162162,0.6865671641791045
0.001,200.0,0.7027027027027027,0.6333333333333333
0.001,300.0,0.7027027027027027,0.6333333333333333
0.001,100.0,0.6621621621621622,0.6031746031746031
