lr,epochs,accuracy,f1_score
0.001,200.0,0.9655172413793104,0.9508196721311475
0.001,300.0,0.9655172413793104,0.9508196721311475
0.01,100.0,0.9540229885057471,0.9333333333333333
0.01,200.0,0.9540229885057471,0.9333333333333333
0.01,300.0,0.9540229885057471,0.9333333333333333
0.05,100.0,0.9425287356321839,0.9122807017543859
0.05,200.0,0.9425287356321839,0.9122807017543859
0.05,300.0,0.9425287356321839,0.9122807017543859
0.001,100.0,0.8620689655172413,0.8064516129032258
