lr,epochs,accuracy,f1_score
0.05,300.0,0.9090909090909091,0.9285714285714286
0.01,100.0,0.8181818181818182,0.8666666666666667
0.01,200.0,0.8181818181818182,0.8666666666666667
0.01,300.0,0.8181818181818182,0.8666666666666667
0.05,100.0,0.7272727272727273,0.8125
0.05,200.0,0.7272727272727273,0.8125
0.001,100.0,0.7272727272727273,0.7857142857142857
0.001,200.0,0.7272727272727273,0.7857142857142857
0.001,300.0,0.7272727272727273,0.7857142857142857
