lr,epochs,accuracy,f1_score
0.001,300.0,1.0,1.0
0.01,200.0,1.0,1.0
0.01,300.0,1.0,1.0
0.05,300.0,0.9615384615384616,0.9655172413793104
0.05,200.0,0.9230769230769231,0.9333333333333333
0.01,100.0,0.9230769230769231,0.9333333333333333
0.001,200.0,0.8846153846153846,0.896551724137931
0.05,100.0,0.8461538461538461,0.8666666666666667
0.001,100.0,0.7692307692307693,0.7857142857142857
