lr,epochs,accuracy,f1_score
0.05,300.0,0.975,0.9629629629629629
0.01,300.0,0.975,0.9629629629629629
0.05,200.0,0.925,0.896551724137931
0.001,300.0,0.925,0.8888888888888888
0.01,200.0,0.85,0.8125
0.001,200.0,0.825,0.72
0.001,100.0,0.7,0.5714285714285714
0.01,100.0,0.6,0.4666666666666667
0.05,100.0,0.5,0.4117647058823529
