lr,epochs,accuracy,f1_score
0.05,200.0,0.8333333333333334,0.7407407407407407
0.05,300.0,0.8333333333333334,0.7407407407407407
0.05,100.0,0.8095238095238095,0.7142857142857143
0.001,200.0,0.7857142857142857,0.64
0.001,300.0,0.7857142857142857,0.64
0.01,300.0,0.7619047619047619,0.5454545454545454
0.01,200.0,0.7142857142857143,0.4
0.001,100.0,0.6666666666666666,0.3
0.01,100.0,0.6904761904761905,0.23529411764705882
