lr,epochs,accuracy,f1_score
0.01,300.0,0.8703703703703703,0.9195402298850575
0.001,200.0,0.8148148148148148,0.8863636363636364
0.001,300.0,0.8148148148148148,0.8863636363636364
0.05,200.0,0.8148148148148148,0.8863636363636364
0.05,300.0,0.8148148148148148,0.8863636363636364
0.01,100.0,0.8148148148148148,0.8809523809523809
0.01,200.0,0.8148148148148148,0.8809523809523809
0.001,100.0,0.7592592592592593,0.8602150537634409
0.05,100.0,0.7592592592592593,0.8571428571428571
