lr,epochs,accuracy,f1_score
0.05,100.0,0.9310344827586207,0.8846153846153846
0.05,200.0,0.9310344827586207,0.8846153846153846
0.05,300.0,0.9310344827586207,0.8846153846153846
0.01,300.0,0.9310344827586207,0.8846153846153846
0.001,300.0,0.9195402298850575,0.851063829787234
0.01,100.0,0.9195402298850575,0.851063829787234
0.01,200.0,0.9195402298850575,0.851063829787234
0.001,200.0,0.8850574712643678,0.8
0.001,100.0,0.8275862068965517,0.7272727272727273
