learning_rate,epochs,accuracy,f1_score
0.001,300.0,1.0,1.0
0.001,200.0,0.9411764705882353,0.9420383538030597
0.05,200.0,0.8235294117647058,0.8272445820433437
0.001,100.0,0.8235294117647058,0.826115061409179
0.01,300.0,0.8235294117647058,0.826115061409179
0.01,200.0,0.8235294117647058,0.8193443385259241
0.05,300.0,0.6470588235294118,0.6397058823529411
0.05,100.0,0.4117647058823529,0.3003565062388591
0.01,100.0,0.35294117647058826,0.18414322250639384
