learning_rate,epochs,accuracy,f1_score
0.05,300.0,0.8,0.8
0.01,100.0,0.8,0.8
0.05,100.0,0.7,0.7030303030303029
0.05,200.0,0.7,0.7030303030303029
0.001,100.0,0.7,0.6909090909090909
0.001,200.0,0.7,0.6909090909090909
0.001,300.0,0.7,0.6909090909090909
0.01,200.0,0.7,0.6909090909090909
0.01,300.0,0.7,0.6909090909090909
