learning_rate,epochs,accuracy,f1_score
0.001,100.0,1.0,1.0
0.001,200.0,1.0,1.0
0.001,300.0,1.0,1.0
0.01,100.0,0.6666666666666666,0.6610565684899485
0.01,300.0,0.6666666666666666,0.6522366522366523
0.05,100.0,0.6666666666666666,0.6385964912280703
0.01,200.0,0.5555555555555556,0.5281045751633987
0.05,200.0,0.5925925925925926,0.500664767331434
0.05,300.0,0.48148148148148145,0.337037037037037
