learning_rate,epochs,accuracy,f1_score
0.05,10.0,0.5,0.48484848484848475
0.001,50.0,0.5,0.4835164835164836
0.05,100.0,0.5,0.4
0.001,100.0,0.4,0.35
0.1,150.0,0.4,0.35
0.001,10.0,0.4,0.22857142857142856
0.001,150.0,0.4,0.22857142857142856
0.05,50.0,0.4,0.22857142857142856
0.05,150.0,0.4,0.22857142857142856
0.1,10.0,0.4,0.22857142857142856
0.1,50.0,0.4,0.22857142857142856
0.1,100.0,0.3,0.18461538461538463
