learning_rate,epochs,accuracy,f1_score
0.001,100.0,0.9090909090909091,0.9106449106449106
0.001,200.0,0.9090909090909091,0.9106449106449106
0.001,300.0,0.9090909090909091,0.9106449106449106
0.01,100.0,0.9090909090909091,0.9106449106449106
0.05,200.0,0.8181818181818182,0.8212121212121214
0.05,100.0,0.8181818181818182,0.8181818181818182
0.05,300.0,0.6363636363636364,0.6424242424242425
0.01,200.0,0.6363636363636364,0.6242424242424243
0.01,300.0,0.45454545454545453,0.4636363636363636
