learning_rate,epochs,accuracy,f1_score
0.001,100.0,0.7777777777777778,0.738095238095238
0.001,200.0,0.6666666666666666,0.6461538461538462
0.05,100.0,0.6666666666666666,0.6461538461538462
0.05,200.0,0.6666666666666666,0.6461538461538462
0.01,100.0,0.6666666666666666,0.6461538461538462
0.01,200.0,0.6666666666666666,0.6461538461538462
0.001,300.0,0.6666666666666666,0.5333333333333334
0.05,300.0,0.6666666666666666,0.5333333333333334
0.01,300.0,0.6666666666666666,0.5333333333333334
