learning_rate,epochs,accuracy,f1_score
0.001,100.0,1.0,1.0
0.001,200.0,1.0,1.0
0.001,300.0,1.0,1.0
0.01,300.0,0.8333333333333334,0.8357142857142857
0.01,200.0,0.8333333333333334,0.828125
0.05,100.0,0.75,0.7535714285714286
0.01,100.0,0.75,0.7289915966386554
0.05,300.0,0.5,0.5
0.05,200.0,0.625,0.4807692307692308
