learning_rate,epochs,accuracy,f1_score
0.001,100.0,1.0,1.0
0.001,200.0,1.0,1.0
0.001,300.0,1.0,1.0
0.05,100.0,1.0,1.0
0.05,300.0,0.9811320754716981,0.982384491818454
0.01,200.0,0.9811320754716981,0.982384491818454
0.01,300.0,0.9811320754716981,0.982384491818454
0.05,200.0,0.9811320754716981,0.9793386885858397
0.01,100.0,0.9622641509433962,0.9532001479837218
