learning_rate,epochs,accuracy,f1_score
0.001,300.0,0.9473684210526315,0.9429027113237639
0.05,300.0,0.8421052631578947,0.7699248120300751
0.01,300.0,0.8421052631578947,0.7699248120300751
0.001,100.0,0.7894736842105263,0.7430340557275542
0.001,200.0,0.7894736842105263,0.7430340557275542
0.05,100.0,0.7894736842105263,0.7430340557275542
0.05,200.0,0.7894736842105263,0.7430340557275542
0.01,100.0,0.7894736842105263,0.7430340557275542
0.01,200.0,0.7894736842105263,0.7430340557275542
