learning_rate,epochs,accuracy,f1_score
0.05,200.0,0.9090909090909091,0.9218500797448165
0.001,300.0,0.8636363636363636,0.8873288873288874
0.01,200.0,0.8636363636363636,0.8873288873288874
0.001,100.0,0.8181818181818182,0.8535353535353536
0.001,200.0,0.8181818181818182,0.8535353535353536
0.05,100.0,0.8181818181818182,0.8535353535353536
0.01,100.0,0.8181818181818182,0.8535353535353536
0.01,300.0,0.8181818181818182,0.8535353535353536
0.05,300.0,0.7272727272727273,0.7850267379679144
