learning_rate,epochs,accuracy,f1_score
0.001,200.0,1.0,1.0
0.001,300.0,0.9722222222222222,0.9730551933941766
0.001,100.0,0.9722222222222222,0.9711872826626925
0.05,100.0,0.7777777777777778,0.7898193760262724
0.01,300.0,0.7777777777777778,0.7591397849462366
0.05,300.0,0.7222222222222222,0.7564102564102564
0.05,200.0,0.7222222222222222,0.7470238095238095
0.01,200.0,0.7222222222222222,0.7222222222222222
0.01,100.0,0.6388888888888888,0.6497175141242938
