learning_rate,epochs,accuracy,f1_score
0.05,300.0,0.8571428571428571,0.8561688311688312
0.01,300.0,0.8571428571428571,0.854453781512605
0.05,100.0,0.8333333333333334,0.8328541307264713
0.01,100.0,0.8333333333333334,0.8313390313390313
0.01,200.0,0.8095238095238095,0.8060368312084559
0.05,200.0,0.8095238095238095,0.7982363315696649
0.001,200.0,0.7619047619047619,0.7406462585034014
0.001,300.0,0.7380952380952381,0.7100157801912188
0.001,100.0,0.5476190476190477,0.3875457875457876
