learning_rate,epochs,accuracy,f1_score
0.001,100.0,0.9827586206896551,0.9829352875744292
0.001,200.0,0.9310344827586207,0.9323686371100164
0.001,300.0,0.9137931034482759,0.9146764378721455
0.01,300.0,0.6724137931034483,0.6910675531365187
0.01,100.0,0.6896551724137931,0.6896551724137931
0.01,200.0,0.6724137931034483,0.6888883645758374
0.05,300.0,0.7413793103448276,0.6811794862199936
0.05,100.0,0.6379310344827587,0.652618135376756
0.05,200.0,0.6206896551724138,0.6280275041050903
