learning_rate,epochs,accuracy,f1_score
0.001,100.0,0.9855072463768116,0.9854950290924085
0.001,200.0,0.9855072463768116,0.9854950290924085
0.001,300.0,0.9710144927536232,0.9709532902467686
0.05,200.0,0.6376811594202898,0.6187913710176676
0.01,300.0,0.5942028985507246,0.5881745035801285
0.05,300.0,0.6231884057971014,0.587391304347826
0.01,100.0,0.5797101449275363,0.5655316919853327
0.01,200.0,0.5652173913043478,0.5648520277676288
0.05,100.0,0.5652173913043478,0.5179584120982987
