learning_rate,epochs,accuracy,f1_score
0.01,200.0,0.96875,0.9688170525127046
0.01,300.0,0.96875,0.9688170525127046
0.001,200.0,0.96875,0.9686752136752137
0.001,100.0,0.9583333333333334,0.9583333333333334
0.001,300.0,0.9583333333333334,0.9583333333333334
0.05,200.0,0.9375,0.937753036437247
0.05,300.0,0.9375,0.9375
0.01,100.0,0.9270833333333334,0.927239789196311
0.05,100.0,0.8854166666666666,0.886071281878944
