learning_rate,epochs,accuracy,f1_score
0.001,100.0,1.0,1.0
0.001,200.0,1.0,1.0
0.001,300.0,0.9836065573770492,0.9835706953204498
0.01,100.0,0.7704918032786885,0.762613947555989
0.05,300.0,0.7540983606557377,0.7438790717479242
0.05,200.0,0.7377049180327869,0.7385528547201808
0.01,300.0,0.7049180327868853,0.7034588362457215
0.05,100.0,0.6885245901639344,0.6819316235513935
0.01,200.0,0.639344262295082,0.5594489981785064
