learning_rate,epochs,accuracy,f1_score
0.001,300.0,0.972972972972973,0.9728072900486693
0.001,100.0,0.9594594594594594,0.9590608537976959
0.001,200.0,0.9594594594594594,0.9590608537976959
0.01,200.0,0.7837837837837838,0.7697297297297298
0.05,300.0,0.7567567567567568,0.7585666023166023
0.05,200.0,0.7432432432432432,0.7453848658667936
0.01,300.0,0.7297297297297297,0.7309462500760325
0.01,100.0,0.6756756756756757,0.6785521663570444
0.05,100.0,0.6486486486486487,0.6501896633475581
