learning_rate,epochs,accuracy,f1_score
0.001,10.0,1.0,1.0
0.001,50.0,1.0,1.0
0.001,100.0,1.0,1.0
0.001,150.0,1.0,1.0
0.05,50.0,1.0,1.0
0.05,150.0,1.0,1.0
0.1,150.0,0.90625,0.9067192192192193
0.1,50.0,0.8125,0.8139705882352941
0.1,100.0,0.78125,0.7749867444326617
0.05,100.0,0.625,0.5976720647773279
0.1,10.0,0.5,0.4134199134199134
0.05,10.0,0.46875,0.358734772978959
