learning_rate,epochs,accuracy,f1_score
0.001,200.0,0.9393939393939394,0.9392825311942959
0.001,100.0,0.9090909090909091,0.9085881860075408
0.001,300.0,0.9090909090909091,0.9085881860075408
0.01,300.0,0.6666666666666666,0.6648233486943164
0.05,200.0,0.6060606060606061,0.525772846041603
0.01,100.0,0.6060606060606061,0.525772846041603
0.05,100.0,0.5151515151515151,0.35030303030303034
0.05,300.0,0.5151515151515151,0.35030303030303034
0.01,200.0,0.48484848484848486,0.31663574520717375
