learning_rate,epochs,accuracy,f1_score
0.001,100.0,0.9838709677419355,0.9837311655361672
0.001,200.0,0.9516129032258065,0.951193496608502
0.001,300.0,0.9032258064516129,0.899281206171108
0.01,300.0,0.7580645161290323,0.745057232049948
0.05,300.0,0.7580645161290323,0.7377788185703413
0.05,100.0,0.7419354838709677,0.7243651338366506
0.01,100.0,0.7419354838709677,0.7158218125960062
0.01,200.0,0.7096774193548387,0.6686585304096826
0.05,200.0,0.6290322580645161,0.6449979583503471
