learning_rate,epochs,accuracy,f1_score
0.001,100.0,1.0,1.0
0.001,300.0,0.9830508474576272,0.9830007168674397
0.001,200.0,0.9661016949152542,0.9658797417271994
0.05,300.0,0.7627118644067796,0.7482616253802694
0.01,300.0,0.7627118644067796,0.7482616253802694
0.01,200.0,0.7457627118644068,0.7327166425967584
0.05,100.0,0.7288135593220338,0.7288135593220338
0.01,100.0,0.7457627118644068,0.7276087996963345
0.05,200.0,0.6949152542372882,0.6616370400992145
