learning_rate,epochs,accuracy,f1_score
0.001,200.0,1.0,1.0
0.001,300.0,1.0,1.0
0.001,100.0,0.9836065573770492,0.9836716660853388
0.05,300.0,0.8852459016393442,0.879786485158794
0.05,200.0,0.819672131147541,0.8188394483476451
0.01,300.0,0.7377049180327869,0.7415961088092236
0.01,200.0,0.7213114754098361,0.7253953778054586
0.05,100.0,0.5901639344262295,0.5695432518816373
0.01,100.0,0.4098360655737705,0.27381047580967616
