learning_rate,epochs,accuracy,f1_score
0.001,100.0,1.0,1.0
0.001,200.0,1.0,1.0
0.001,300.0,1.0,1.0
0.05,300.0,0.8148148148148148,0.8110021786492375
0.01,100.0,0.7592592592592593,0.7610226201087729
0.01,300.0,0.7592592592592593,0.7291036323294388
0.05,100.0,0.7222222222222222,0.721174004192872
0.05,200.0,0.7037037037037037,0.705365955015324
0.01,200.0,0.7037037037037037,0.6930103035366194
