learning_rate,epochs,accuracy,f1_score
0.001,300.0,0.8709677419354839,0.8604488078541374
0.001,100.0,0.8387096774193549,0.8204072294669412
0.001,200.0,0.8387096774193549,0.8204072294669412
0.05,200.0,0.8064516129032258,0.7906732117812062
0.05,100.0,0.7741935483870968,0.7485701212537177
0.05,300.0,0.7741935483870968,0.7295285359801489
0.01,300.0,0.6774193548387096,0.6668295861844248
0.01,200.0,0.7096774193548387,0.65225097483162
0.01,100.0,0.6774193548387096,0.5956989247311829
