learning_rate,epochs,accuracy,f1_score
0.001,300.0,0.9459459459459459,0.9459459459459459
0.001,200.0,0.9324324324324325,0.9313877885306456
0.001,100.0,0.918918918918919,0.9171621621621622
0.05,300.0,0.7837837837837838,0.7837837837837838
0.05,200.0,0.7837837837837838,0.7760420266814129
0.01,200.0,0.7837837837837838,0.7724437724437724
0.05,100.0,0.7432432432432432,0.7219980408947813
0.01,100.0,0.7027027027027027,0.7050454710029178
0.01,300.0,0.7027027027027027,0.7027027027027027
