learning_rate,epochs,accuracy,f1_score
0.001,100.0,0.9655172413793104,0.9651270404258193
0.001,200.0,0.9425287356321839,0.9418784007096989
0.001,300.0,0.9425287356321839,0.9418784007096989
0.05,300.0,0.9310344827586207,0.9305378992531383
0.05,200.0,0.9310344827586207,0.92994555353902
0.05,100.0,0.9195402298850575,0.9197900696793454
0.01,200.0,0.9195402298850575,0.9178800430293328
0.01,300.0,0.9195402298850575,0.9170066338850368
0.01,100.0,0.9080459770114943,0.9073838656708513
