learning_rate,epochs,accuracy,f1_score
0.001,100.0,1.0,1.0
0.001,200.0,1.0,1.0
0.001,300.0,1.0,1.0
0.05,200.0,0.7966101694915254,0.7902714620366542
0.05,300.0,0.7796610169491526,0.7829404808829327
0.01,200.0,0.7796610169491526,0.7705592345167595
0.05,100.0,0.7627118644067796,0.7689930209371884
0.01,300.0,0.7457627118644068,0.7401638927062655
0.01,100.0,0.7288135593220338,0.7359920239282153
