learning_rate,epochs,accuracy,f1_score
0.001,100.0,1.0,1.0
0.001,200.0,1.0,1.0
0.001,300.0,0.9577464788732394,0.957322619100181
0.05,300.0,0.8873239436619719,0.8873239436619719
0.01,300.0,0.8873239436619719,0.8845792704947634
0.01,100.0,0.8732394366197183,0.8694155885539482
0.01,200.0,0.8591549295774648,0.8571394698155261
0.05,200.0,0.8591549295774648,0.8540110226576852
0.05,100.0,0.8309859154929577,0.8268689057421452
