learning_rate,epochs,accuracy,f1_score
0.05,200.0,0.8888888888888888,0.8842592592592592
0.001,100.0,0.8333333333333334,0.830546265328874
0.001,200.0,0.8333333333333334,0.830546265328874
0.05,100.0,0.8333333333333334,0.830546265328874
0.05,300.0,0.8333333333333334,0.830546265328874
0.01,300.0,0.8333333333333334,0.830546265328874
0.01,200.0,0.7777777777777778,0.7805555555555556
0.001,300.0,0.7777777777777778,0.7777777777777778
0.01,100.0,0.7777777777777778,0.7685185185185186
