learning_rate,epochs,accuracy,f1_score
0.001,100.0,0.8636363636363636,0.862789384528515
0.001,200.0,0.7727272727272727,0.7655502392344498
0.001,300.0,0.7272727272727273,0.7132867132867133
0.05,200.0,0.7272727272727273,0.7132867132867133
0.01,200.0,0.6363636363636364,0.6363636363636364
0.05,100.0,0.6363636363636364,0.6303030303030303
0.05,300.0,0.6363636363636364,0.6177156177156178
0.01,100.0,0.5909090909090909,0.5917560700169395
0.01,300.0,0.5454545454545454,0.537878787878788
