learning_rate,epochs,accuracy,f1_score
0.001,100.0,1.0,1.0
0.001,200.0,1.0,1.0
0.001,300.0,1.0,1.0
0.01,200.0,1.0,1.0
0.01,300.0,1.0,1.0
0.01,100.0,0.9615384615384616,0.9617114519663246
0.05,100.0,0.8461538461538461,0.8432692307692308
0.05,300.0,0.7307692307692307,0.728701406120761
0.05,200.0,0.6538461538461539,0.6553846153846153
