learning_rate,epochs,accuracy,f1_score
0.001,100.0,1.0,1.0
0.001,200.0,1.0,1.0
0.001,300.0,0.8571428571428571,0.8634920634920634
0.01,200.0,0.7142857142857143,0.7261904761904762
0.05,300.0,0.5714285714285714,0.5714285714285714
0.05,200.0,0.14285714285714285,0.17857142857142858
0.01,100.0,0.14285714285714285,0.17857142857142858
0.05,100.0,0.2857142857142857,0.12698412698412698
0.01,300.0,0.0,0.0
