learning_rate,epochs,accuracy,f1_score
0.001,100.0,0.8888888888888888,0.8888888888888888
0.001,200.0,0.8888888888888888,0.8888888888888888
0.001,300.0,0.6666666666666666,0.6708333333333333
0.01,100.0,0.6111111111111112,0.5814141414141414
0.01,300.0,0.5555555555555556,0.5008547008547009
0.05,200.0,0.6111111111111112,0.46360153256704983
0.05,300.0,0.6111111111111112,0.46360153256704983
0.05,100.0,0.5555555555555556,0.4365079365079365
0.01,200.0,0.4444444444444444,0.3760683760683761
