learning_rate,epochs,accuracy,f1_score
0.001,100.0,1.0,1.0
0.001,200.0,1.0,1.0
0.001,300.0,1.0,1.0
0.05,200.0,1.0,1.0
0.01,200.0,1.0,1.0
0.01,300.0,1.0,1.0
0.05,300.0,0.975,0.9749843652282676
0.01,100.0,0.975,0.9749843652282676
0.05,100.0,0.95,0.949874686716792
