learning_rate,epochs,accuracy,f1_score
0.001,150.0,0.96,0.96
0.001,10.0,0.94,0.9400240096038415
0.001,100.0,0.92,0.92
0.001,50.0,0.9,0.9000400160064026
0.05,100.0,0.88,0.88
0.1,100.0,0.86,0.8591569650742673
0.05,150.0,0.86,0.8591515151515151
0.05,50.0,0.84,0.8394847020933978
0.1,10.0,0.82,0.8153121124431584
0.1,50.0,0.8,0.7993558776167472
0.1,150.0,0.8,0.793431855500821
0.05,10.0,0.78,0.7709962794543199
