learning_rate,epochs,accuracy,f1_score
0.001,200.0,1.0,1.0
0.001,300.0,1.0,1.0
0.001,100.0,0.978494623655914,0.978697395253986
0.05,300.0,0.7849462365591398,0.7647075020995966
0.01,100.0,0.7741935483870968,0.7503239446225192
0.01,300.0,0.7526881720430108,0.7370158780319602
0.05,100.0,0.7741935483870968,0.730613271855965
0.01,200.0,0.6881720430107527,0.6924168650597189
0.05,200.0,0.7096774193548387,0.6160249739854319
