learning_rate,epochs,accuracy,f1_score
0.001,100.0,0.9761904761904762,0.9762039813089161
0.001,200.0,0.9285714285714286,0.9284498825054697
0.001,300.0,0.8809523809523809,0.8807498041757826
0.01,100.0,0.7857142857142857,0.7814014622525259
0.01,200.0,0.7619047619047619,0.7619047619047619
0.01,300.0,0.7142857142857143,0.7142857142857143
0.05,100.0,0.7142857142857143,0.7129780974174567
0.05,300.0,0.6904761904761905,0.6878063473808156
0.05,200.0,0.5476190476190477,0.5070607553366174
