learning_rate,epochs,accuracy,f1_score
0.001,100.0,0.9074074074074074,0.9087014725568943
0.01,300.0,0.8703703703703703,0.8683148621767548
0.001,200.0,0.8703703703703703,0.8633461047254151
0.05,200.0,0.8518518518518519,0.8557431728163436
0.01,200.0,0.8518518518518519,0.8518518518518519
0.05,100.0,0.8518518518518519,0.8468404980032886
0.05,300.0,0.8518518518518519,0.8468404980032886
0.001,300.0,0.8333333333333334,0.8395061728395061
0.01,100.0,0.8333333333333334,0.8356626506024095
