learning_rate,epochs,accuracy,f1_score
0.001,300.0,0.9857142857142858,0.9858962410686548
0.001,100.0,0.9714285714285714,0.9714285714285714
0.001,200.0,0.9571428571428572,0.9565388397246802
0.01,100.0,0.9285714285714286,0.9252173913043478
0.01,300.0,0.9142857142857143,0.9194228634850167
0.01,200.0,0.8,0.7346774193548388
0.05,100.0,0.8,0.711111111111111
0.05,300.0,0.8,0.711111111111111
0.05,200.0,0.5142857142857142,0.5416046319272125
