learning_rate,epochs,accuracy,f1_score
0.001,100.0,0.9770114942528736,0.9770114942528736
0.001,200.0,0.9310344827586207,0.9323863636363637
0.001,300.0,0.9195402298850575,0.9209209209209209
0.05,300.0,0.9080459770114943,0.9098484848484848
0.01,200.0,0.9080459770114943,0.9098484848484848
0.01,100.0,0.896551724137931,0.898800282286521
0.05,100.0,0.8850574712643678,0.8877665544332212
0.01,300.0,0.8620689655172413,0.8653198653198653
0.05,200.0,0.8390804597701149,0.8436819172113289
